SERNO,END_INSTANCE,END_CLOCK,START_CLOCK,START_INSTANCE,CDC_TYPE,SYNCHRONIZER,NUMBER_OF_SYNCHRONIZER_FFs,SAFE_CDC,DESCRIPTION
1,top_sb_0.CORERESETP_0.ddr_settled_q1,top_sb_CCC_0_FCCC|GL0_net_inferred_clock,top_sb_0/FABOSC_0/I_RCOSC_25_50MHZ/CLKOUT,top_sb_0.CORERESETP_0.ddr_settled,Different Clock Domains,YES,2,NO,Combinatorial logic detected at clock domain crossing.
2,top_sb_0.CORERESETP_0.release_sdif0_core_q1,top_sb_CCC_0_FCCC|GL0_net_inferred_clock,top_sb_0/FABOSC_0/I_RCOSC_25_50MHZ/CLKOUT,top_sb_0.CORERESETP_0.release_sdif0_core,Different Clock Domains,YES,2,NO,Combinatorial logic detected at clock domain crossing.
3,top_sb_0.CORERESETP_0.release_sdif1_core_q1,top_sb_CCC_0_FCCC|GL0_net_inferred_clock,top_sb_0/FABOSC_0/I_RCOSC_25_50MHZ/CLKOUT,top_sb_0.CORERESETP_0.release_sdif1_core,Different Clock Domains,YES,2,NO,Combinatorial logic detected at clock domain crossing.
4,top_sb_0.CORERESETP_0.release_sdif2_core_q1,top_sb_CCC_0_FCCC|GL0_net_inferred_clock,top_sb_0/FABOSC_0/I_RCOSC_25_50MHZ/CLKOUT,top_sb_0.CORERESETP_0.release_sdif2_core,Different Clock Domains,YES,2,NO,Combinatorial logic detected at clock domain crossing.
5,top_sb_0.CORERESETP_0.release_sdif3_core_q1,top_sb_CCC_0_FCCC|GL0_net_inferred_clock,top_sb_0/FABOSC_0/I_RCOSC_25_50MHZ/CLKOUT,top_sb_0.CORERESETP_0.release_sdif3_core,Different Clock Domains,YES,2,NO,Combinatorial logic detected at clock domain crossing.