<?xml version="1.0" encoding="utf-8"?> 
<!-- 
  Synopsys, Inc.
  Version S-2021.09M
  Project file /home/s2556154/Libero/ThesisProject/NEORV32-SRAM/neorv32-sf2-with-envm/prj_dir/synthesis/syntmp/run_option.xml
  Written on Fri Sep 20 09:45:28 2024


--> 
<project_attribute_list name="Project Settings"> 
     <option name="project_name" display_name="Project Name">top_syn</option>
     <option name="device_name" display_name="Device Name">synthesis: Microchip IGLOO2 : M2GL010</option>
     <option name="impl_name" display_name="Implementation Name">synthesis</option>
     <option name="top_module" display_name="Top Module">work.top</option>
     <option name="retiming" display_name="Retiming">0</option>
     <option name="resource_sharing" display_name="Resource Sharing">1</option>
     <option name="maxfan" display_name="Fanout Guide">10000</option>
     <option name="disable_io_insertion" display_name="Disable I/O Insertion">0</option>
     <option name="no_sequential_opt" display_name="Disable Sequential Optimizations">0</option>
     <option name="symbolic_fsm_compiler" display_name="FSM Compiler">1</option>
</project_attribute_list>

