<?xml version="1.0" encoding="UTF-8" standalone="no" ?>
<?xml-stylesheet href="rptstyle.xsl" type="text/xsl" ?>
<doc>
<title>Global Net Report</title>
<text>Microsemi Corporation - Microsemi Libero Software Release v2022.1 (Version 2022.1.0.10)</text>
<text>Date: Fri Sep 20 09:46:36 2024
</text>
<section>
<name>Global Nets Information</name>
<table>
<header>
 <cell/>
 <cell> From </cell>
 <cell> GB Location </cell>
 <cell> Net Name </cell>
 <cell> Fanout </cell>
</header>
<row>
 <cell>1</cell>
 <cell>GB[0] </cell>
 <cell>(218, 54)</cell>
 <cell>top_sb_0/CCC_0/GL0_INST/U0_YNn</cell>
 <cell>1422</cell>
</row>
<row>
 <cell>2</cell>
 <cell>GB[2] </cell>
 <cell>(220, 54)</cell>
 <cell>neorv32_ProcessorTop_Minimal_0/neorv32_inst/rstn_sys_RNI3A74/U0_YNn</cell>
 <cell>1230</cell>
</row>
<row>
 <cell>3</cell>
 <cell>GB[1] </cell>
 <cell>(219, 54)</cell>
 <cell>top_sb_0/CORERESETP_0/MSS_HPMS_READY_int_rep_RNIBTFF/U0_YNn_GSouth</cell>
 <cell>58</cell>
</row>
<row>
 <cell>4</cell>
 <cell>GB[3] </cell>
 <cell>(221, 54)</cell>
 <cell>top_sb_0/CORERESETP_0/sm0_areset_n_clk_base_RNIGLBB/U0_YNn</cell>
 <cell>20</cell>
</row>
<row>
 <cell>5</cell>
 <cell>GB[7] </cell>
 <cell>(225, 54)</cell>
 <cell>top_sb_0/FABOSC_0/I_RCOSC_25_50MHZ_FAB_CLKINT/U0_YNn</cell>
 <cell>9</cell>
</row>
</table>
<text></text>
</section>
<section>
<name>I/O to GB Connections</name>
<text>(none)</text>
</section>
<section>
<name>Fabric to GB Connections</name>
<table>
<header>
 <cell/>
 <cell> From </cell>
 <cell> From Location </cell>
 <cell> To </cell>
 <cell> Net Name </cell>
 <cell> Net Type </cell>
 <cell> Fanout </cell>
</header>
<row>
 <cell>1</cell>
 <cell>neorv32_ProcessorTop_Minimal_0/neorv32_inst/rstn_sys:Q</cell>
 <cell>(159, 58)</cell>
 <cell>GB[2] </cell>
 <cell>neorv32_ProcessorTop_Minimal_0/neorv32_inst/rstn_sys_0</cell>
 <cell>ROUTED</cell>
 <cell>1</cell>
</row>
<row>
 <cell>2</cell>
 <cell>top_sb_0/CORERESETP_0/MSS_HPMS_READY_int_rep:Q</cell>
 <cell>(386, 61)</cell>
 <cell>GB[1] </cell>
 <cell>top_sb_0/CORERESETP_0/MSS_HPMS_READY_int_rep_Z</cell>
 <cell>ROUTED</cell>
 <cell>1</cell>
</row>
<row>
 <cell>3</cell>
 <cell>top_sb_0/CORERESETP_0/sm0_areset_n_clk_base:Q</cell>
 <cell>(124, 61)</cell>
 <cell>GB[3] </cell>
 <cell>top_sb_0/CORERESETP_0/sm0_areset_n_clk_base_0</cell>
 <cell>ROUTED</cell>
 <cell>1</cell>
</row>
<row>
 <cell>4</cell>
 <cell>top_sb_0/FABOSC_0/I_RCOSC_25_50MHZ_FAB:CLKOUT</cell>
 <cell>(397, 92)</cell>
 <cell>GB[7] </cell>
 <cell>top_sb_0/FABOSC_0/N_RCOSC_25_50MHZ_CLKINT</cell>
 <cell>ROUTED</cell>
 <cell>1</cell>
</row>
</table>
<text></text>
</section>
<section>
<name>CCC to GB Connections</name>
<table>
<header>
 <cell/>
 <cell> From </cell>
 <cell> From Location </cell>
 <cell> To </cell>
 <cell> Net Name </cell>
 <cell> Net Type </cell>
 <cell> Fanout </cell>
</header>
<row>
 <cell>1</cell>
 <cell>top_sb_0/CCC_0/CCC_INST/INST_CCC_IP:GL0</cell>
 <cell>CCC-NE1 (390, 92)</cell>
 <cell>GB[0] </cell>
 <cell>top_sb_0/CCC_0/GL0_net</cell>
 <cell>HARDWIRED</cell>
 <cell>1</cell>
</row>
</table>
<text></text>
</section>
<section>
<name>CCC Input Connections</name>
<table>
<header>
 <cell/>
 <cell> From </cell>
 <cell> From Location </cell>
 <cell> To (Pin Swapped for Back Annotation Only) </cell>
 <cell> CCC Location </cell>
 <cell> Net Name </cell>
 <cell> Net Type </cell>
 <cell> Fanout </cell>
</header>
<row>
 <cell>1</cell>
 <cell>top_sb_0/FABOSC_0/I_RCOSC_25_50MHZ:CLKOUT</cell>
 <cell>(396, 92)</cell>
 <cell>top_sb_0/CCC_0/CCC_INST/INST_CCC_IP:RCOSC_25_50MHZ</cell>
 <cell>CCC-NE1 (390, 92)</cell>
 <cell>top_sb_0/FABOSC_0_RCOSC_25_50MHZ_CCC_OUT_RCOSC_25_50MHZ_CCC</cell>
 <cell>HARDWIRED</cell>
 <cell>2</cell>
</row>
</table>
<text></text>
</section>
<section>
<name>Local Nets to RGB Connections</name>
<text>(none)</text>
</section>
<section>
<name>Global Nets to RGB Connections</name>
<table>
<header>
 <cell/>
 <cell> From </cell>
 <cell> From Location </cell>
 <cell> Net Name </cell>
 <cell> Fanout </cell>
 <cell> </cell>
 <cell> RGB Location </cell>
 <cell> RGB Fanout </cell>
</header>
<row>
 <cell>1</cell>
 <cell>GB[0] </cell>
 <cell>(218, 54)</cell>
 <cell>top_sb_0/CCC_0/GL0_INST/U0_YNn</cell>
 <cell>1422</cell>
 <cell>1</cell>
 <cell>(218, 57)</cell>
 <cell>135</cell>
</row>
<row>
 <cell> </cell>
 <cell></cell>
 <cell></cell>
 <cell></cell>
 <cell></cell>
 <cell>2</cell>
 <cell>(218, 60)</cell>
 <cell>112</cell>
</row>
<row>
 <cell> </cell>
 <cell></cell>
 <cell></cell>
 <cell></cell>
 <cell></cell>
 <cell>3</cell>
 <cell>(218, 63)</cell>
 <cell>35</cell>
</row>
<row>
 <cell> </cell>
 <cell></cell>
 <cell></cell>
 <cell></cell>
 <cell></cell>
 <cell>4</cell>
 <cell>(218, 66)</cell>
 <cell>24</cell>
</row>
<row>
 <cell> </cell>
 <cell></cell>
 <cell></cell>
 <cell></cell>
 <cell></cell>
 <cell>5</cell>
 <cell>(218, 69)</cell>
 <cell>26</cell>
</row>
<row>
 <cell> </cell>
 <cell></cell>
 <cell></cell>
 <cell></cell>
 <cell></cell>
 <cell>6</cell>
 <cell>(218, 102)</cell>
 <cell>1</cell>
</row>
<row>
 <cell>2</cell>
 <cell>GB[2] </cell>
 <cell>(220, 54)</cell>
 <cell>neorv32_ProcessorTop_Minimal_0/neorv32_inst/rstn_sys_RNI3A74/U0_YNn</cell>
 <cell>1230</cell>
 <cell>1</cell>
 <cell>(219, 63)</cell>
 <cell>33</cell>
</row>
<row>
 <cell> </cell>
 <cell></cell>
 <cell></cell>
 <cell></cell>
 <cell></cell>
 <cell>2</cell>
 <cell>(219, 66)</cell>
 <cell>18</cell>
</row>
<row>
 <cell> </cell>
 <cell></cell>
 <cell></cell>
 <cell></cell>
 <cell></cell>
 <cell>3</cell>
 <cell>(219, 69)</cell>
 <cell>26</cell>
</row>
<row>
 <cell> </cell>
 <cell></cell>
 <cell></cell>
 <cell></cell>
 <cell></cell>
 <cell>4</cell>
 <cell>(220, 57)</cell>
 <cell>116</cell>
</row>
<row>
 <cell> </cell>
 <cell></cell>
 <cell></cell>
 <cell></cell>
 <cell></cell>
 <cell>5</cell>
 <cell>(221, 60)</cell>
 <cell>96</cell>
</row>
<row>
 <cell>3</cell>
 <cell>GB[1] </cell>
 <cell>(219, 54)</cell>
 <cell>top_sb_0/CORERESETP_0/MSS_HPMS_READY_int_rep_RNIBTFF/U0_YNn_GSouth</cell>
 <cell>58</cell>
 <cell>1</cell>
 <cell>(220, 27)</cell>
 <cell>7</cell>
</row>
<row>
 <cell> </cell>
 <cell></cell>
 <cell></cell>
 <cell></cell>
 <cell></cell>
 <cell>2</cell>
 <cell>(220, 30)</cell>
 <cell>9</cell>
</row>
<row>
 <cell> </cell>
 <cell></cell>
 <cell></cell>
 <cell></cell>
 <cell></cell>
 <cell>3</cell>
 <cell>(220, 33)</cell>
 <cell>14</cell>
</row>
<row>
 <cell> </cell>
 <cell></cell>
 <cell></cell>
 <cell></cell>
 <cell></cell>
 <cell>4</cell>
 <cell>(220, 39)</cell>
 <cell>11</cell>
</row>
<row>
 <cell> </cell>
 <cell></cell>
 <cell></cell>
 <cell></cell>
 <cell></cell>
 <cell>5</cell>
 <cell>(220, 42)</cell>
 <cell>17</cell>
</row>
<row>
 <cell>4</cell>
 <cell>GB[3] </cell>
 <cell>(221, 54)</cell>
 <cell>top_sb_0/CORERESETP_0/sm0_areset_n_clk_base_RNIGLBB/U0_YNn</cell>
 <cell>20</cell>
 <cell>1</cell>
 <cell>(219, 57)</cell>
 <cell>12</cell>
</row>
<row>
 <cell> </cell>
 <cell></cell>
 <cell></cell>
 <cell></cell>
 <cell></cell>
 <cell>2</cell>
 <cell>(219, 60)</cell>
 <cell>8</cell>
</row>
<row>
 <cell>5</cell>
 <cell>GB[7] </cell>
 <cell>(225, 54)</cell>
 <cell>top_sb_0/FABOSC_0/I_RCOSC_25_50MHZ_FAB_CLKINT/U0_YNn</cell>
 <cell>9</cell>
 <cell> </cell>
 <cell>(220, 60)</cell>
 <cell>9</cell>
</row>
</table>
<text></text>
</section>
</doc>
